System,Precision,Recall,F1,TP,TN,FP,FN
LogMap,0.65,1.0,0.7878787878787878,39,0,21,0
LogMap+LLM,0.8461538461538461,0.8461538461538461,0.8461538461538461,33,15,6,6
