System,Precision,Recall,F1,TP,TN,FP,FN,Sensitivity,Specificity,YoudenIndex
LogMapBio_final_M,0.8848920863309353,0.9341772151898734,0.9088669950738916,1107,23,144,78,0.9341772151898734,0.1377245508982036,0.07190176608807697
