System,Precision,Recall,F1,TP,TN,FP,FN,Sensitivity,Specificity,YoudenIndex
LLM,0.6177777777777778,0.952054794520548,0.7493261455525606,139,162,86,7,0.952054794520548,0.6532258064516129,0.605280600972161
