System,Precision,Recall,FN,Sensitivity,Specificity,YoudenIndex,F1,TP,TN,FP
LogMap,0.8612862547288777,1.0,0,1.0,0.0,0.0,0.9254742547425474,1366,0,220
MC_composed,0.8612862547288777,1.0,0,1.0,0.0,0.0,0.9254742547425474,1366,0,220
