System,Precision,Recall,F1,TP,TN,FP,FN,Sensitivity,Specificity,YoudenIndex
LLM,0.7419354838709677,0.9452054794520548,0.8313253012048193,138,200,48,8,0.9452054794520548,0.8064516129032258,0.7516570923552806
