System,Precision,Recall,FN,Sensitivity,Specificity,YoudenIndex,F1,TP,TN,FP
LogMap,0.48242811501597443,1.0,0,1.0,0.0,0.0,0.6508620689655172,151,0,162
MC_minus_direct,0.48242811501597443,1.0,0,1.0,0.0,0.0,0.6508620689655172,151,0,162
