System,Precision,Recall,F1,TP,TN,FP,FN,Sensitivity,Specificity,YoudenIndex
anatomy_all_composed_mappings,0.572289156626506,0.6506849315068494,0.6089743589743589,95,177,71,51,0.6506849315068494,0.7137096774193549,0.36439460892620423
