System,Precision,Recall,FN,Sensitivity,Specificity,YoudenIndex,F1,TP,TN,FP
LogMap,0.9127040454222853,1.0,0,1.0,0.0,0.0,0.9543599257884973,1286,0,123
LogMap,0.9127040454222853,1.0,0,1.0,0.0,0.0,0.9543599257884973,1286,0,123
