System,Precision,Recall,F1,TP,TN,FP,FN,Sensitivity,Specificity,YoudenIndex
LogMap,0.0,0.0,0.0,0,244,0,163,0.0,1.0,0.0
LLM,0.5983935742971888,0.9141104294478528,0.7233009708737864,149,144,100,14,0.9141104294478528,0.5901639344262295,0.5042743638740823
