System,Precision,Recall,F1,TP,TN,FP,FN,Sensitivity,Specificity,YoudenIndex
LogMap,0.9127040454222853,1.0,0.9543599257884973,1286,0,123,0,1.0,0.0,0.0
MC_minus_direct,0.48242811501597443,1.0,0.6508620689655172,151,0,162,0,1.0,0.0,0.0
MC_composed,0.8612862547288777,1.0,0.9254742547425474,1366,0,220,0,1.0,0.0,0.0
