System,Precision,Recall,F1,TP,TN,FP,FN
LogMap,0.6,1.0,0.75,6,0,4,0
LogMap+LLM,0.6666666666666666,0.3333333333333333,0.4444444444444444,2,3,1,4
