System,Precision,Recall,F1,TP,TN,FP,FN
LogMap,0.6287878787878788,1.0,0.772093023255814,166,0,98,0
LogMap+LLM,0.8165137614678899,0.536144578313253,0.6472727272727272,89,78,20,77
