System,Precision,Recall,F1,TP,TN,FP,FN,Sensitivity,Specificity,YoudenIndex
LLM,0.5584415584415584,0.8835616438356164,0.6843501326259946,129,146,102,17,0.8835616438356164,0.5887096774193549,0.4722713212549712
